Workbook

Sheet Main Data
A1: Order_ID | B1: Client_Name | C1: Ad_Type | D1: Vendor_Name | E1: Vendor_Email | F1: Country | G1: Order_Date | H1: Campaign_Deadline | I1: Available_Days | J1: Total_Cost_INR | K1: Order_Status
A2: ADV-001 | B2: Reliance Digital | C2: Billboard | D2: Pioneer Media | E2: =_xlfn.XLOOKUP(TRIM(D2),Vendor_Master!$A$2:$A$11,Vendor_Master!$B$2:$B$11) -> ops@pioneermedia.in | F2: Local | G2: 46124 | H2: 46140 | I2: =_xlfn.DAYS(H2,G2) -> 16 | J2: 150000 | K2: Completed
A3: ADV-002 | B3: Tata Motors | C3: Digital | D3: TechVertise Ltd | E3: =_xlfn.XLOOKUP(TRIM(D3),Vendor_Master!$A$2:$A$11,Vendor_Master!$B$2:$B$11) -> campaigns@techvertise.com | F3: Local | G3: 46125 | H3: 46144 | I3: =_xlfn.DAYS(H3,G3) -> 19 | J3: 450000 | K3: In-Production
A4: ADV-003 | B4: HDFC Bank | C4: Print | D4: Bennett Coleman | E4: =_xlfn.XLOOKUP(TRIM(D4),Vendor_Master!$A$2:$A$11,Vendor_Master!$B$2:$B$11) -> print@bennettcoleman.in | F4: Local | G4: 46126 | H4: 46132 | I4: =_xlfn.DAYS(H4,G4) -> 6 | J4: 275000 | K4: Completed
A5: ADV-004 | B5: Nike Local | C5: Digital | D5: Global Ads Corp | E5: =_xlfn.XLOOKUP(TRIM(D5),Vendor_Master!$A$2:$A$11,Vendor_Master!$B$2:$B$11) -> globalops@globalads.com | F5: International | G5: 46127 | H5: 46152 | I5: =_xlfn.DAYS(H5,G5) -> 25 | J5: 850000 | K5: Delayed
A6: ADV-005 | B6: Zomato | C6: Billboard | D6: Signage Masters | E6: =_xlfn.XLOOKUP(TRIM(D6),Vendor_Master!$A$2:$A$11,Vendor_Master!$B$2:$B$11) -> delhi.ops@signagemasters.com | F6: Local | G6: 46128 | H6: 46147 | I6: =_xlfn.DAYS(H6,G6) -> 19 | J6: 120000 | K6: Pending
A7: ADV-006 | B7: Unilever | C7: Print | D7: HT Media | E7: =_xlfn.XLOOKUP(TRIM(D7),Vendor_Master!$A$2:$A$11,Vendor_Master!$B$2:$B$11) -> scheduling@htmedia.in | F7: Local | G7: 46128 | H7: 46137 | I7: =_xlfn.DAYS(H7,G7) -> 9 | J7: 310000 | K7: Completed
A8: ADV-007 | B8: Samsung | C8: Digital | D8: Pixel Craft | E8: =_xlfn.XLOOKUP(TRIM(D8),Vendor_Master!$A$2:$A$11,Vendor_Master!$B$2:$B$11) -> production@pixelcraft.studio | F8: International | G8: 46129 | H8: 46157 | I8: =_xlfn.DAYS(H8,G8) -> 28 | J8: 1200000 | K8: In-Production
A9: ADV-008 | B9: Flipkart | C9: Billboard | D9: Prime Out-of-Home | E9: =_xlfn.XLOOKUP(TRIM(D9),Vendor_Master!$A$2:$A$11,Vendor_Master!$B$2:$B$11) -> ooh@primeoutdoors.in | F9: Local | G9: 46130 | H9: 46143 | I9: =_xlfn.DAYS(H9,G9) -> 13 | J9: 210000 | K9: Delayed
A10: ADV-009 | B10: Amazon Local | C10: Digital | D10: TechVertise Ltd | E10: =_xlfn.XLOOKUP(TRIM(D10),Vendor_Master!$A$2:$A$11,Vendor_Master!$B$2:$B$11) -> campaigns@techvertise.com | F10: USA | G10: 46131 | H10: 46154 | I10: =_xlfn.DAYS(H10,G10) -> 23 | J10: 640000 | K10: In-Production
A11: ADV-010 | B11: Airtel | C11: Print | D11: Local n Express | E11: =_xlfn.XLOOKUP(TRIM(D11),Vendor_Master!$A$2:$A$11,Vendor_Master!$B$2:$B$11) -> ops.internal@agency.com | F11: Local | G11: 46132 | H11: 46141 | I11: =_xlfn.DAYS(H11,G11) -> 9 | J11: 95000 | K11: Completed
A12: ADV-011 | B12: Marico | C12: Billboard | D12: Pioneer Media | E12: =_xlfn.XLOOKUP(TRIM(D12),Vendor_Master!$A$2:$A$11,Vendor_Master!$B$2:$B$11) -> ops@pioneermedia.in | F12: Local | G12: 46133 | H12: 46150 | I12: =_xlfn.DAYS(H12,G12) -> 17 | J12: 180000 | K12: Pending
A13: ADV-012 | B13: Myntra | C13: Digital | D13: Global Ads Corp | E13: =_xlfn.XLOOKUP(TRIM(D13),Vendor_Master!$A$2:$A$11,Vendor_Master!$B$2:$B$11) -> globalops@globalads.com | F13: International | G13: 46134 | H13: 46160 | I13: =_xlfn.DAYS(H13,G13) -> 26 | J13: 550000 | K13: In-Production
... A101: ADV-100 | B101: IDFC First | C101: Print | D101: Local n Express | E101: =_xlfn.XLOOKUP(TRIM(D101),Vendor_Master!$A$2:$A$11,Vendor_Master!$B$2:$B$11) -> ops.internal@agency.com | F101: Local | G101: 46188 | H101: 46203 | I101: =_xlfn.DAYS(H101,G101) -> 15 | J101: 240000 | K101: Completed

Sheet Vendor_Master
A1: Vendor_Name | B1: Vendor_Email | C1: Operational_Tier
A2: Pioneer Media | B2: ops@pioneermedia.in | C2: Tier 1 (Premium)
A3: TechVertise Ltd | B3: campaigns@techvertise.com | C3: Tier 2 (Standard)
A4: Bennett Coleman | B4: print@bennettcoleman.in | C4: Tier 1 (Premium)
A5: Global Ads Corp | B5: globalops@globalads.com | C5: Tier 1 (Premium)
A6: Signage Masters | B6: delhi.ops@signagemasters.com | C6: Tier 3 (Local)
A7: HT Media | B7: scheduling@htmedia.in | C7: Tier 2 (Standard)
A8: Pixel Craft | B8: production@pixelcraft.studio | C8: Tier 1 (Premium)
A9: Prime Out-of-Home | B9: ooh@primeoutdoors.in | C9: Tier 2 (Standard)
A10: Indian Express | B10: ads@indianexpress.com | C10: Tier 2 (Standard)
A11: Local n Express | B11: ops.internal@agency.com | C11: Tier 2 (Standard)

Sheet MIS_Dashboard
A1: Row Labels | B1: Count of Order_ID | K1: Row Labels | L1: Sum of Total_Cost_INR
A2: Completed | B2: 31 | K2: Billboard | L2: 8595000
A3: Delayed | B3: 19 | K3: Digital | L3: 38000000
A4: In-Production | B4: 30 | K4: Print | L4: 7905000
A5: Pending | B5: 20 | K5: Grand Total | L5: 54500000
A6: Grand Total | B6: 100
